code,name,category_code,insurance_company_code,insurance_code,irda_class,product_class,sub_product_class,recalculation_status
CARE_FREEDOM,Care Freedom,HEALTH_RETAIL,REL_MED_1,CARE_FREEDOM,Health,Mediclaim-individual,Mediclaim - Individual,
CARE,Care,HEALTH_RETAIL,REL_MED_1,CARE_HEALTH_RETAIL,Health,Mediclaim-individual,Mediclaim - Individual,
STAR_FHONEW,Star Family Health Optima ,HEALTH_RETAIL,STAR_MEDICAL,,Health,Mediclaim-individual,Mediclaim - Individual,
STARYSIND,Young Star Floater,HEALTH_RETAIL,STAR_MEDICAL,,Health,Mediclaim-individual,Mediclaim - Individual,
STAR_COMPREHENSIVE,Star Comprehensive Floater,HEALTH_RETAIL,STAR_MEDICAL,,Health,Mediclaim-individual,Mediclaim - Individual,
STAR_MCINEW,Star Mediclassic Individual ,HEALTH_RETAIL,STAR_MEDICAL,,Health,Mediclaim-individual,Mediclaim - Individual,
STAR_COMPREHENSIVEIND,Star Comprehensive Individual,HEALTH_RETAIL,STAR_MEDICAL,STAR_COMPREHENSIVEIND,Health,Mediclaim-individual,Mediclaim - Individual,
STAR_MEDI_CLASSIC_IND,Young Star Individual,HEALTH_RETAIL,STAR_MEDICAL,,Health,Mediclaim-individual,Mediclaim - Individual,
MED_DIGIT,Digit Health,HEALTH_RETAIL,go_digit,,Health,Mediclaim-individual,Mediclaim - Individual,
MaxBhupa,Niva Bupa Reassure,HEALTH_RETAIL,MaxBhupa,MAX_BHUPA_HEALTH_RETAIL,Health,Mediclaim-individual,Mediclaim - Individual,
CignaProhealth,Cigna Prohealth Protect,HEALTH_RETAIL,CIGNA,CIGNA,Health,Mediclaim-individual,Mediclaim - Individual,
SBI_AROGYA_SANJEEVANI,Sbi Arogya Sanjeevani,HEALTH_RETAIL,SBI_AROGYA,SbiHealth,Health,Mediclaim-individual,Mediclaim - Individual,
SBI_AROGYA_PLUS,SBI AROGYA PLUS,HEALTH_RETAIL,SBI_AROGYA,,Health,Mediclaim-individual,Mediclaim - Individual,
SBI_AROGYA_PREMIER,SBI AROGYA PREMIER,HEALTH_RETAIL,SBI_AROGYA,,Health,Mediclaim-individual,Mediclaim - Individual,
SBI_AROGYA_TOPUP,SBI AROGYA TOPUP,HEALTH_RETAIL,SBI_AROGYA,,Health,Mediclaim-individual,Mediclaim - Individual,
SBI_HOSPITAL_CASH,Hospital Daily Cash,HEALTH_RETAIL,SBI_AROGYA,,Health,Mediclaim-individual,Mediclaim - Individual,
HDFC_SILVERSMART,My health suraksha (SilverSmart),HEALTH_RETAIL,HDFC_MEDICAL,,Health,Mediclaim-individual,Mediclaim - Individual,
SBI_GPA,GPA,HEALTH_RETAIL,SBI_AROGYA,,Health,Mediclaim-individual,Mediclaim - Individual,
GODIGIT_HEALTH_GOLD,Godigit Health Gold,HEALTH_RETAIL,GO_DIGIT_MED,,Health,Mediclaim-individual,Mediclaim - Individual,
GODIGIT_HEALTH_SILVER,Godigit Health Silver,HEALTH_RETAIL,GO_DIGIT_MED,,Health,Mediclaim-individual,Mediclaim - Individual,
GODIGIT_HEALTH_DIAMOND,Godigit Health Diamond,HEALTH_RETAIL,GO_DIGIT_MED,,Health,Mediclaim-individual,Mediclaim - Individual,
CIGNA_PROHEALTH_PLUS,Cigna Prohealth Plus,HEALTH_RETAIL,CIGNA,,Health,Mediclaim-individual,Mediclaim - Individual,
CIGNA_PROHEALTH_PROTECT,Cigna Prohealth Protect,HEALTH_RETAIL,CIGNA,,Health,Mediclaim-individual,Mediclaim - Individual,
TEMP1,Aditya Birla Health,HEALTH_RETAIL,ADITYA_BIRLA_HEALTH,,Health,Mediclaim-individual,Mediclaim - Individual,
TEMP2,Aditya Birla Health,HEALTH_RETAIL,ADITYA_BIRLA_HEALTH,,Health,Mediclaim-individual,Mediclaim - Individual,
AdityaBirla_POS,Aditya Birla Health,HEALTH_RETAIL,ADITYA_BIRLA_HEALTH,,Health,Mediclaim-individual,Mediclaim - Individual,
HEALTH_ELITE,Icici Health Elite,HEALTH_RETAIL,IL,,Health,Mediclaim-individual,Mediclaim - Individual,
HEALTH_ELITE_PLUS,Icici Health Elite Plus,HEALTH_RETAIL,IL,,Health,Mediclaim-individual,Mediclaim - Individual,
HEALTH_SHIELD_PLUS,Icici Health Shield Plus,HEALTH_RETAIL,IL,,Health,Mediclaim-individual,Mediclaim - Individual,
HEALTH_SHIELD,ICICI Health Shield,HEALTH_RETAIL,IL,,Health,Mediclaim-individual,Mediclaim - Individual,
KOTAK_EDGE,KOTAK HEALTH PREMIER EDGE,HEALTH_RETAIL,KOTAK,,Health,Mediclaim-individual,Mediclaim - Individual,
KOTAK_ELITE,KOTAK HEALTH PREMIER ELITE,HEALTH_RETAIL,KOTAK,,Health,Mediclaim-individual,Mediclaim - Individual,
KOTAK_TOTAL,KOTAK HEALTH PREMIER TOTAL,HEALTH_RETAIL,KOTAK,,Health,Mediclaim-individual,Mediclaim - Individual,
GODIGIT_MOTOR_COMPREHENSIVE,Go Digit Motor Pvt Car Comprehensive,MOTOR_RETAIL,GO_DIGIT_MOTOR,GODIGIT_MOTOR_COMPREHENSIVE,Motor,Comprehensive,Two wheeler/Three wheeler/Private car,SYNC_PLAN
HDFC_ERGO_PC_COMPREHENSIVE,Hdfc Ergo Pvt Car Comprehensive,MOTOR_RETAIL,HDFC_ERGO,HDFC_ERGO_PC_COMPREHENSIVE,Motor,Comprehensive,Two wheeler/Three wheeler/Private car,SYNC_PLAN
HDFC_ERGO_PC_THIRD_PARTY,Hdfc Ergo Pvt Car Third Party,MOTOR_RETAIL,HDFC_ERGO,HDFC_ERGO_PC_THIRD_PARTY,Motor,TP Only,Two wheeler/Three wheeler/Private car,
HDFC_ERGO_PC_OD_ONLY,Hdfc Ergo Pvt Car Own Damage,MOTOR_RETAIL,HDFC_ERGO,HDFC_ERGO_PC_OD_ONLY,Motor,OD Only,Two wheeler/Three wheeler/Private car,
GODIGIT_MOTOR_OWN_DAMAGE,Go Digit Motor Pvt Car Own Damage,MOTOR_RETAIL,GO_DIGIT_MOTOR,GODIGIT_MOTOR_OWN_DAMAGE,Motor,OD Only,Two wheeler/Three wheeler/Private car,SYNC_PLAN
GODIGIT_MOTOR_THIRD_PARTY,Go Digit Motor Pvt Car Third Party,MOTOR_RETAIL,GO_DIGIT_MOTOR,GODIGIT_MOTOR_THIRD_PARTY,Motor,TP Only,Two wheeler/Three wheeler/Private car,SYNC_PLAN
CHOLA_FLEXI_HEALTH,FLEXI HEALTH,HEALTH_RETAIL,CHOLA,CHOLAHEALTH,Health,Mediclaim-individual,Mediclaim - Individual,
ICICI_LOMBARD_PC_COMPREHENSIVE,Icici Motor Pvt Car Comprehensive,MOTOR_RETAIL,ICICI_MOTOR,,Motor,Comprehensive,Two wheeler/Three wheeler/Private car,SYNC_PLAN
HDFC_ERGO_TW_COMPREHENSIVE,HDFC Ergo Two wheeler Comprehensive,TWO_WHEELER_RETAIL,HDFC_ERGO,HDFC_ERGO_TW_COMPREHENSIVE,Motor,Comprehensive,Two wheeler/Three wheeler/Private car,
HDFC_ERGO_TW_THIRD_PARTY,Hdfc Ergo Two Wheeler Third Party,TWO_WHEELER_RETAIL,HDFC_ERGO,HDFC_ERGO_TW_THIRD_PARTY,Motor,TP Only,Two wheeler/Three wheeler/Private car,
HDFC_ERGO_TW_OD_ONLY,Hdfc Ergo Two Wheeler Own Damage,TWO_WHEELER_RETAIL,HDFC_ERGO,HDFC_ERGO_TW_OD_ONLY,Motor,OD Only,Two wheeler/Three wheeler/Private car,
FG_MOTOR_COMPREHENSIVE_P1,6 Pvt Car Comprehensive,MOTOR_RETAIL,6,FG_MOTOR_COMPREHENSIVE_P1,Motor,Comprehensive,Private car,
GODIGIT_TW_COMPREHENSIVE,Go Digit Motor Two Wheeler Comprehensive,TWO_WHEELER_RETAIL,GO_DIGIT_MOTOR,GODIGIT_TW_COMPREHENSIVE,Motor,Comprehensive,Two wheeler/Three wheeler/Private car,SYNC_PLAN
GODIGIT_TW_OWN_DAMAGE,Go Digit Motor Two Wheeler Own Damage,TWO_WHEELER_RETAIL,GO_DIGIT_MOTOR,GODIGIT_TW_OWN_DAMAGE,Motor,OD Only,Two wheeler/Three wheeler/Private car,SYNC_PLAN
GODIGIT_TW_THIRD_PARTY,Go Digit Motor Two Wheeler Third Party,TWO_WHEELER_RETAIL,GO_DIGIT_MOTOR,GODIGIT_TW_THIRD_PARTY,Motor,TP Only,Two wheeler/Three wheeler/Private car,SYNC_PLAN
SBI_AROGYA_PLUS1,SBI AROGYA PLUS,HEALTH_RETAIL,SBI_AROGYA,,Health,Mediclaim-individual,Mediclaim - Individual,
SBI_AROGYA_PLUS2,SBI AROGYA PLUS,HEALTH_RETAIL,SBI_AROGYA,,Health,Mediclaim-individual,Mediclaim - Individual,
RELIANCE_TW_COMPREHENSIVE,Reliance Motor Two Wheeler Comprehensive,TWO_WHEELER_RETAIL,RELIANCE_MOTOR,RELIANCE_MOTOR,Motor,Comprehensive,Two wheeler/Three wheeler/Private car,
RELIANCE_TW_THIRD_PARTY,Reliance Motor Two Wheeler Third Party,TWO_WHEELER_RETAIL,RELIANCE_MOTOR,RELIANCE_MOTOR,Motor,TP Only,Two wheeler/Three wheeler/Private car,
RELIANCE_TW_OD,Reliance Motor Two Wheeler Own Damage,TWO_WHEELER_RETAIL,RELIANCE_MOTOR,,Motor,OD Only,Two wheeler/Three wheeler/Private car,
RSA_LIFELINE,Life Line Classic,HEALTH_RETAIL,ROYAL_SUNDARAM,,Health,Mediclaim floater,Mediclaim - Individual,
CIGNA_ACCUMULATE,Manipal Cigna Prohealth Accumulate,HEALTH_RETAIL,CIGNA,CIGNA_ACCUMULATE,Health,Mediclaim-individual,Mediclaim - Individual,
CIGNA_PLUS,Manipal Cigna Prohealth Plus,HEALTH_RETAIL,CIGNA,CIGNA_PLUS,Health,Mediclaim-individual,Mediclaim - Individual,
CIGNA_PREFERRED,Manipal Cigna Prohealth Preferred,HEALTH_RETAIL,CIGNA,CIGNA_PREFERRED,Health,Mediclaim-individual,Mediclaim - Individual,
CIGNA_PREMIER,Manipal Cigna Prohealth Premier,HEALTH_RETAIL,CIGNA,CIGNA_PREMIER,Health,Mediclaim-individual,Mediclaim - Individual,
CIGNA_PROTECT,Manipal Cigna Prohealth Protect,HEALTH_RETAIL,CIGNA,CIGNA_PROTECT,Health,Mediclaim-individual,Mediclaim - Individual,
FG_MOTOR_COMPREHENSIVE_P2,Fg Motor Comprehensive P2,MOTOR_RETAIL,6,FG_MOTOR_COMPREHENSIVE_P2,Motor,Comprehensive,Private car,
FG_MOTOR_OD_ONLY_P1,6 Pvt Car Own Damage,MOTOR_RETAIL,6,FG_MOTOR_OD_ONLY_P1,Motor,OD Only,Private car,
FG_MOTOR_OD_ONLY_P2,Fg Motor Od Only P2,MOTOR_RETAIL,6,FG_MOTOR_OD_ONLY_P1,Motor,OD Only,Private car,
FG_MOTOR_THIRD_PARTY,6 Pvt Car Third Party,MOTOR_RETAIL,6,FG_MOTOR_THIRD_PARTY,Motor,TP Only,Private car,
ICICI_LOMBARD_TW_COMPREHENSIVE,Icici Motor Two Wheeler Comprehensive,TWO_WHEELER_RETAIL,ICICI_MOTOR,ICICI_LOMBARD_TW_COMPREHENSIVE,Motor,Comprehensive,Two wheeler/Three wheeler/Private car,
ICICI_LOMBARD_PC_OD_ONLY,Icici Motor Pvt Car Own Damage,MOTOR_RETAIL,ICICI_MOTOR,,Motor,OD Only,Two wheeler/Three wheeler/Private car,SYNC_PLAN
ICICI_LOMBARD_PC_THIRD_PARTY,Icici Motor Pvt Car Third Party,MOTOR_RETAIL,ICICI_MOTOR,,Motor,TP Only,Two wheeler/Three wheeler/Private car,
ICICI_LOMBARD_TW_THIRD_PARTY,Icici Motor Two Wheeler Third Party,TWO_WHEELER_RETAIL,ICICI_MOTOR,ICICI_LOMBARD_TW_THIRD_PARTY,Motor,TP Only,Two wheeler/Three wheeler/Private car,
ICICI_LOMBARD_TW_OD_ONLY,Icici Motor Two Wheeler Own Damage,TWO_WHEELER_RETAIL,ICICI_MOTOR,ICICI_LOMBARD_TW_OD_ONLY,Motor,OD Only,Two wheeler/Three wheeler/Private car,
RSA_LIFELINE_SUPREME,Life Line Supreme,HEALTH_RETAIL,ROYAL_SUNDARAM,,,,,
RSA_LIFELINE_ELITE,Life Line Elite,HEALTH_RETAIL,ROYAL_SUNDARAM,,,,,
IFFCO_TOKIO_TW_COMPREHENSIVE,Iffco Tokio Two Wheeler Comprehensive,TWO_WHEELER_RETAIL,IFFCO_TOKIO,,Motor,Comprehensive,,
RSA_MOTOR_TW_COMPREHENSIVE,Royal Sundaram Two Wheeler Comprehensive,TWO_WHEELER_RETAIL,ROYAL_SUNDARAM,RSA_MOTOR_TW_COMPREHENSIVE,Motor,Comprehensive,,OD_PREMIUM_SYNC
IFFCO_TOKIO_TW_TP,Iffco Tokio Two Wheeler Third Party,TWO_WHEELER_RETAIL,IFFCO_TOKIO,,Motor,TP Only,,
IFFCO_TOKIO_TW_OD,Iffco Tokio Two Wheeler Own Damage,TWO_WHEELER_RETAIL,IFFCO_TOKIO,,Motor,OD Only,,
RSA_MOTOR_TW_TP,Royal Sundaram Two Wheeler Third Party,TWO_WHEELER_RETAIL,ROYAL_SUNDARAM,RSA_MOTOR_TW_TP,Motor,TP Only,,SYNC_PLAN
RSA_MOTOR_TW_OD,Royal Sundaram Two Wheeler Own Damage,TWO_WHEELER_RETAIL,ROYAL_SUNDARAM,RSA_MOTOR_TW_OD,Motor,OD Only,,OD_PREMIUM_SYNC
RSA_MOTOR_TW_NEW_BUNDLED,Royal Sundaram Two Wheeler New Bundled,TWO_WHEELER_RETAIL,ROYAL_SUNDARAM,RSA_MOTOR_TW_NEW_BUNDLED,Motor,Comprehensive,,SYNC_PLAN
RSA_MOTOR_PC_COMPREHENSIVE,Royal Sundaram Pvt Car Comprehensive,MOTOR_RETAIL,ROYAL_SUNDARAM,RSA_MOTOR_PC_COMPREHENSIVE,Motor,Comprehensive,,SYNC_PLAN
RSA_MOTOR_PC_OD,Royal Sundaram Pvt Car Own Damage,MOTOR_RETAIL,ROYAL_SUNDARAM,RSA_MOTOR_PC_OD,Motor,OD Only,,SYNC_PLAN
RSA_MOTOR_PC_TP,Royal Sundaram Pvt Car Third Party,MOTOR_RETAIL,ROYAL_SUNDARAM,RSA_MOTOR_PC_TP,Motor,TP Only,Private Car,
CHOLA_PC_COMPREHENSIVE,Chola Pvt Car Comprehensive,MOTOR_RETAIL,CHOLA,CHOLA_PC_COMPREHENSIVE,Motor,Comprehensive,,
CHOLA_PC_OD_ONLY,Chola Pvt Car Own Damage,MOTOR_RETAIL,CHOLA,CHOLA_PC_OD_ONLY,Motor,OD Only,,
CHOLA_PC_THIRD_PARTY,Chola Pvt Car Third Party,MOTOR_RETAIL,CHOLA,CHOLA_PC_THIRD_PARTY,Motor,TP Only,,
RSA_MOTOR_PC_NEW_BUNDLED,Royal Sundaram Pvt Car New Bundled,MOTOR_RETAIL,ROYAL_SUNDARAM,RSA_MOTOR_PC_NEW_BUNDLED,Motor,Comprehensive,,SYNC_PLAN
CHOLA_TW_COMPREHENSIVE,Chola Two Wheeler Comprehensive,TWO_WHEELER_RETAIL,CHOLA,CHOLA_TW_COMPREHENSIVE,Motor,Comprehensive,,
CHOLA_TW_OD_ONLY,Chola Two Wheeler Own Damage,TWO_WHEELER_RETAIL,CHOLA,CHOLA_TW_OD_ONLY,Motor,OD Only,,
CHOLA_TW_THIRD_PARTY,Chola Two Wheeler Third Party,TWO_WHEELER_RETAIL,CHOLA,CHOLA_TW_THIRD_PARTY,Motor,TP Only,,
CARE_JOY,Care Joy Tomorrow,HEALTH_RETAIL,REL_MED_1,CARE_JOY,Health,,,
IFFCO_TOKIO_PC_COMPREHENSIVE,Iffco Tokio Pvt Car Comprehensive,MOTOR_RETAIL,IFFCO_TOKIO,IFFCO_TOKIO_PC_COMPREHENSIVE,Motor,Comprehensive,,
IFFCO_TOKIO_PC_OD,Iffco Tokio Pvt Car Own Damage,MOTOR_RETAIL,IFFCO_TOKIO,IFFCO_TOKIO_PC_OD,Motor,OD Only,,
IFFCO_TOKIO_PC_TP,Iffco Tokio Pvt Car Third Party,MOTOR_RETAIL,IFFCO_TOKIO,IFFCO_TOKIO_PC_TP,Motor,TP Only,,
FG_MOTOR_TW_COMPREHENSIVE,6 Two Wheeler Comprehensive,TWO_WHEELER_RETAIL,6,FG_MOTOR_TW_COMPREHENSIVE,Motor,Comprehensive,,
FUTURE_GENERALI_MOTOR_PC_COMPREHENSIVE,Future Generali Pvt Car Comprehensive,MOTOR_RETAIL,FG_MOTOR_1,FUTURE_GENERALI_MOTOR_PC_COMPREHENSIVE,Motor,Comprehensive,,SYNC_PLAN
FUTURE_GENERALI_MOTOR_PC_THIRD_PARTY,Future Generali Pvt Car Third Party,MOTOR_RETAIL,FG_MOTOR_1,FUTURE_GENERALI_MOTOR_PC_THIRD_PARTY,Motor,TP Only,,
FUTURE_GENERALI_MOTOR_PC_OD_ONLY,Future Generali Pvt Car Own Damage,MOTOR_RETAIL,FG_MOTOR_1,FUTURE_GENERALI_MOTOR_PC_OD_ONLY,Motor,OD Only,,SYNC_PLAN
FUTURE_GENERALI_MOTOR_TW_COMPREHENSIVE,Future Generali Two Wheeler Comprehensive,TWO_WHEELER_RETAIL,FG_MOTOR_1,FUTURE_GENERALI_MOTOR_TW_COMPREHENSIVE,Motor,Comprehensive,,
FUTURE_GENERALI_MOTOR_TW_OD_ONLY,Future Generali Two Wheeler Own Damage,TWO_WHEELER_RETAIL,FG_MOTOR_1,FUTURE_GENERALI_MOTOR_TW_OD_ONLY,Motor,OD Only,,
FUTURE_GENERALI_MOTOR_TW_THIRD_PARTY,Future Generali Two Wheeler Third Party,TWO_WHEELER_RETAIL,FG_MOTOR_1,FUTURE_GENERALI_MOTOR_TW_THIRD_PARTY,Motor,TP Only,,
CARE_UAR,Care UAR,HEALTH_RETAIL,REL_MED_1,CARE_UAR,Health,,,
8,Bharti Axa Two Wheeler ,TWO_WHEELER_RETAIL,BHARTI_AXA,,,,,
HDFC_OPTIMA_RESTORE,HDFC Ergo Optima Restore,HEALTH_RETAIL,HDFC_MEDICAL,HDFC_OPTIMA_RESTORE,Health,Mediclaim-individual,Mediclaim - Individual,
RELIANCE_PC_COMPREHENSIVE,Reliance Motor Pvt Car Comprehensive,MOTOR_RETAIL,RELIANCE_MOTOR,RELIANCE_MOTOR,Motor,Comprehensive,Two wheeler/Three wheeler/Private car,SYNC_PLAN
RELIANCE_PC_THIRD_PARTY,Reliance Motor Pvt Car Third Party,MOTOR_RETAIL,RELIANCE_MOTOR,RELIANCE_MOTOR,Motor,TP Only,Two wheeler/Three wheeler/Private car,
RELIANCE_PC_OD,Reliance Motor Pvt Car Own Damage,MOTOR_RETAIL,RELIANCE_MOTOR,RELIANCE_PC_OD,Motor,OD Only,Two wheeler/Three wheeler/Private car,SYNC_PLAN
HDFC_GOLDSMART,My health suraksha (GoldSmart),HEALTH_RETAIL,HDFC_MEDICAL,HDFC_GOLDSMART,Health,Mediclaim-individual,Mediclaim - Individual,
HDFC_PLATINUMSMART,My health suraksha (PlatinumSmart),HEALTH_RETAIL,HDFC_MEDICAL,HDFC_PLATINUMSMART,Health,Mediclaim-individual,Mediclaim - Individual,
SBI_MOTOR_TW_COMPREHENSIVE,Sbi Motor Two Wheeler Comprehensive,TWO_WHEELER_RETAIL,SBI_MOTOR,SBI_MOTOR_TW_COMPREHENSIVE,Motor,Comprehensive,,
SBI_MOTOR_TW_OD,Sbi Motor Two Wheeler Own Damage,TWO_WHEELER_RETAIL,SBI_MOTOR,SBI_MOTOR_TW_OD,Motor,OD Only,,
SBI_MOTOR_TW_TP,Sbi Motor Two Wheeler Third Party,TWO_WHEELER_RETAIL,SBI_MOTOR,SBI_MOTOR_TW_TP,Motor,TP Only,,
SBI_MOTOR_PC_COMPREHENSIVE,Sbi Motor Pvt Car Comprehensive,MOTOR_RETAIL,SBI_MOTOR,SBI_MOTOR_PC_COMPREHENSIVE,Motor,Comprehensive,,
SBI_MOTOR_PC_OD,Sbi Motor Pvt Car Own Damage,MOTOR_RETAIL,SBI_MOTOR,SBI_MOTOR_PC_OD,Motor,OD Only,,
SBI_MOTOR_PC_TP,Sbi Motor Pvt Car Third Party,MOTOR_RETAIL,SBI_MOTOR,SBI_MOTOR_PC_TP,Motor,TP Only,,
CARE_SENIOR,Care Senior,HEALTH_RETAIL,REL_MED_1,CARE_SENIOR,Health,,,
CARE_SENIOR_SMART_SELECT,Care Senior Smart Select,HEALTH_RETAIL,REL_MED_1,CARE_SENIOR_SMART_SELECT,Health,,,
TATA_AIG_MOTOR_PC_COMPREHENSIVE,Tata Aig Pvt Car Comprehensive,MOTOR_RETAIL,TATA_AIG,TATA_AIG_MOTOR_PC_COMPREHENSIVE,Motor,Comprehensive,,SYNC_PLAN
TATA_AIG_MOTOR_PC_OD,Tata Aig Pvt Car Own Damage,MOTOR_RETAIL,TATA_AIG,TATA_AIG_MOTOR_PC_OD,Motor,OD Only,,SYNC_PLAN
TATA_AIG_MOTOR_PC_TP,Tata Aig Pvt Car Third Party,MOTOR_RETAIL,TATA_AIG,TATA_AIG_MOTOR_PC_TP,Motor,TP Only,,SYNC_PLAN
TATA_AIG_MOTOR_PC_NEW_BUNDLED,Tata Aig Pvt Car New Bundled,MOTOR_RETAIL,TATA_AIG,TATA_AIG_MOTOR_PC_NEW_BUNDLED,Motor,Comprehensive,,SYNC_PLAN
HDFC_OPTIMA_SECURE,HDFC Ergo Optima Secure,HEALTH_RETAIL,HDFC_MEDICAL,HDFC_OPTIMA_SECURE,Health,Mediclaim-individual,Mediclaim - Individual,
CARE_HEART,Care Heart,HEALTH_RETAIL,REL_MED_1,CARE_HEART,Health,,,
CARE_HEART_HOME_CARE,Care Heart Home Care,HEALTH_RETAIL,REL_MED_1,CARE_HEART_HOME_CARE,Health,,,
ICICI_AROGYA_SANJEEVANI,ICICI Arogya Sanjeevani,HEALTH_RETAIL,IL,ICICI_AROGYA_SANJEEVANI,Health,,,
IFFCO_TOKIO_HEALTH,IFFCO TOKIO HEALTH,HEALTH_RETAIL,IFFCO,IFFCO_TOKIO_HEALTH,Health,,,
Cigna_LifeTime_India,Manipal Cigna Lifetime India,HEALTH_RETAIL,CIGNA,Cigna_LifeTime_India,Health,Mediclaim-individual,Mediclaim - Individual,
CARE_CLASSIC,Care Classic,HEALTH_RETAIL,REL_MED_1,CARE_CLASSIC,Health,,,
Cigna_LifeTime_Global,Manipal Cigna Lifetime Global,HEALTH_RETAIL,CIGNA,Cigna_LifeTime_Global,Health,Mediclaim-individual,Mediclaim - Individual,
Instaprotectsolution_AIA,Instaprotectsolution,HEALTH_RETAIL,TATA_AIA,,,,,
CHOLA_MISD_COMPREHENSIVE,Chola Misd Comprehensive,TWO_WHEELER_RETAIL,GO_DIGIT_MOTOR,,Motor,Third Party,,
CHOLA_GCV_COMPREHENSIVE,Chola Gcv Comprehensive,TWO_WHEELER_RETAIL,GO_DIGIT_MOTOR,,Motor,Third Party,,
CHOLA_PCV_COMPREHENSIVE,Chola Pcv Comprehensive,TWO_WHEELER_RETAIL,GO_DIGIT_MOTOR,,Motor,Third Party,,
SBI_GCV_COMPREHENSIVE,Sbi Gcv Comprehensive,TWO_WHEELER_RETAIL,GO_DIGIT_MOTOR,,Motor,Third Party,,
SBI_PCV_COMPREHENSIVE,Sbi Pcv Comprehensive,TWO_WHEELER_RETAIL,GO_DIGIT_MOTOR,,Motor,Third Party,,
SBI_MISD_COMPREHENSIVE,Sbi Misd Comprehensive,TWO_WHEELER_RETAIL,GO_DIGIT_MOTOR,,Motor,Third Party,,
ICICI_PCV_COMPREHENSIVE,Icici Pcv Comprehensive,TWO_WHEELER_RETAIL,GO_DIGIT_MOTOR,,Motor,Third Party,,
ICICI_MISD_COMPREHENSIVE,Icici Misd Comprehensive,TWO_WHEELER_RETAIL,GO_DIGIT_MOTOR,,Motor,Third Party,,
IFFCO_GCV_COMPREHENSIVE,Iffco Gcv Comprehensive,TWO_WHEELER_RETAIL,GO_DIGIT_MOTOR,,Motor,Third Party,,
IFFCO_PCV_TP,Iffco Pcv Tp,TWO_WHEELER_RETAIL,GO_DIGIT_MOTOR,,Motor,Third Party,,
IFFCO_MISD_COMPREHENSIVE,Iffco Misd Comprehensive,TWO_WHEELER_RETAIL,GO_DIGIT_MOTOR,,Motor,Third Party,,
RELIANCE_GCV_TP,Reliance Gcv Tp,TWO_WHEELER_RETAIL,GO_DIGIT_MOTOR,,Motor,Third Party,,
RELIANCE_PCV_COMPREHENSIVE,Reliance Pcv Comprehensive,TWO_WHEELER_RETAIL,GO_DIGIT_MOTOR,,Motor,Third Party,,
RELIANCE_MISD_TP,Reliance Misd Tp,TWO_WHEELER_RETAIL,GO_DIGIT_MOTOR,,Motor,Third Party,,
GO_DIGIT_GCV_COMPREHENSIVE,Go Digit Gcv Comprehensive,TWO_WHEELER_RETAIL,GO_DIGIT_MOTOR,,Motor,Third Party,,
GO_DIGIT_PCV_COMPREHENSIVE,Go Digit Pcv Comprehensive,TWO_WHEELER_RETAIL,GO_DIGIT_MOTOR,,Motor,Third Party,,
GO_DIGIT_MISD_COMPREHENSIVE,Go Digit Misd Comprehensive,TWO_WHEELER_RETAIL,GO_DIGIT_MOTOR,,Motor,Third Party,,
GO_DIGIT_GCV_COMPREHENSIVE,Go Digit Gcv Comprehensive,TWO_WHEELER_RETAIL,GO_DIGIT_MOTOR,,Motor,Third Party,,
GO_DIGIT_PCV_COMPREHENSIVE,Go Digit Pcv Comprehensive,TWO_WHEELER_RETAIL,GO_DIGIT_MOTOR,,Motor,Third Party,,
GO_DIGIT_MISD_COMPREHENSIVE,Go Digit Misd Comprehensive,TWO_WHEELER_RETAIL,GO_DIGIT_MOTOR,,Motor,Third Party,,
TATA_AIG_GCV_COMPREHENSIVE,Tata Aig Gcv Comprehensive,TWO_WHEELER_RETAIL,GO_DIGIT_MOTOR,,Motor,Third Party,,
TATA_AIG_PCV_COMPREHENSIVE,Tata Aig Pcv Comprehensive,TWO_WHEELER_RETAIL,GO_DIGIT_MOTOR,,Motor,Third Party,,
HDFC_GCV_COMPREHENSIVE,Hdfc Gcv Comprehensive,TWO_WHEELER_RETAIL,GO_DIGIT_MOTOR,,Motor,Third Party,,
HDFC_PCV_COMPREHENSIVE,Hdfc Pcv Comprehensive,TWO_WHEELER_RETAIL,GO_DIGIT_MOTOR,,Motor,Third Party,,
HDFC_MISD_COMPREHENSIVE,Hdfc Misd Comprehensive,TWO_WHEELER_RETAIL,GO_DIGIT_MOTOR,,Motor,Third Party,,
ICICI_TW_COMPREHENSIVE,Bharti Axa Two Wheeler Comprehensive,TWO_WHEELER_RETAIL,BHARTI_AXA,,Motor,Comprehensive,,
ICICI_PC_COMPREHENSIVE,Icici Pc Comprehensive,TWO_WHEELER_RETAIL,BHARTI_AXA,,Motor,Comprehensive,,
TATA_AIG_TW_COMPREHENSIVE,Tata Aig Tw Comprehensive,TWO_WHEELER_RETAIL,GO_DIGIT_MOTOR,,Motor,Comprehensive,,
Cigna_ProHealth_Prime_Active,Cigna Prohealth Prime Active,HEALTH_RETAIL,CIGNA,Cigna_ProHealth_Prime_Active,Health,,,
Cigna_ProHealth_Prime_Advantage,Cigna Prohealth Prime Advantage,HEALTH_RETAIL,CIGNA,Cigna_ProHealth_Prime_Advantage,Health,,,
Cigna_ProHealth_Prime_Protect,Cigna Prohealth Prime Protect,HEALTH_RETAIL,CIGNA,Cigna_ProHealth_Prime_Protect,Health,,,
GO_DIGIT_AROGYA_SANJEEVANI,Godigit Arogya Sanjeevani (Health Care Plus 1),HEALTH_RETAIL,go_digit,GO_DIGIT_AROGYA_SANJEEVANI,,,,
ORIENTAL_GIC_MOTOR_TW_OD,Oriental Gic Motor Two Wheeler Own Damage,TWO_WHEELER_RETAIL,ORIENTAL_GIC_MOTOR,ORIENTAL_GIC_MOTOR_TW_OD,Motor,OD Only,Two wheeler/Three wheeler/Private car,
ORIENTAL_GIC_MOTOR_TW_TP,Oriental Gic Motor Two Wheeler Third Party,TWO_WHEELER_RETAIL,ORIENTAL_GIC_MOTOR,ORIENTAL_GIC_MOTOR_TW_TP,Motor,TP Only,Two wheeler/Three wheeler/Private car,
ORIENTAL_GIC_MOTOR_TW_COMPREHENSIVE,Oriental Gic Motor Two Wheeler Comprehensive,TWO_WHEELER_RETAIL,ORIENTAL_GIC_MOTOR,ORIENTAL_GIC_MOTOR_TW_COMPREHENSIVE,Motor,Comprehensive,Two wheeler/Three wheeler/Private car,
ORIENTAL_GIC_MOTOR_TW_NEW_BUNDLED,Oriental Gic Motor Two Wheeler New Bundled,TWO_WHEELER_RETAIL,ORIENTAL_GIC_MOTOR,ORIENTAL_GIC_MOTOR_TW_NEW_BUNDLED,Motor,Comprehensive,Two wheeler/Three wheeler/Private car,
ORIENTAL_GIC_MOTOR_PC_OD,Oriental Gic Motor Pvt Car Own Damage,MOTOR_RETAIL,ORIENTAL_GIC_MOTOR,ORIENTAL_GIC_MOTOR_PC_OD,Motor,OD Only,Two wheeler/Three wheeler/Private car,
ORIENTAL_GIC_MOTOR_PC_TP,Oriental Gic Motor Pvt Car Third Party,MOTOR_RETAIL,ORIENTAL_GIC_MOTOR,ORIENTAL_GIC_MOTOR_PC_TP,Motor,TP Only,Two wheeler/Three wheeler/Private car,
ORIENTAL_GIC_MOTOR_PC_COMPREHENSIVE,Oriental Gic Motor Pvt Car Comprehensive,MOTOR_RETAIL,ORIENTAL_GIC_MOTOR,ORIENTAL_GIC_MOTOR_PC_COMPREHENSIVE,Motor,Comprehensive,Two wheeler/Three wheeler/Private car,
ORIENTAL_GIC_MOTOR_PC_NEW_BUNDLED,Oriental Gic Motor Pvt Car New Bundled,MOTOR_RETAIL,ORIENTAL_GIC_MOTOR,ORIENTAL_GIC_MOTOR_PC_NEW_BUNDLED,Motor,Comprehensive,Two wheeler/Three wheeler/Private car,
RELIANCE_HEALTH_GAIN,Reliance Health Gain Plus,HEALTH_RETAIL,RELIANCE,RELIANCE_HEALTH_GAIN,,,,
RELIANCE_HEALTH_GAIN_POWER,Reliance Health Gain Power,HEALTH_RETAIL,RELIANCE,RELIANCE_HEALTH_GAIN_POWER,,,,
RELIANCE_HEALTH_GAIN_PRIME,Reliance Health Gain Prime,HEALTH_RETAIL,RELIANCE,RELIANCE_HEALTH_GAIN_PRIME,,,,
ACKO_HEALTH_INSURANCE,Acko Health Insurance,HEALTH_RETAIL,ACKO_GENERAL,ACKO_HEALTH_INSURANCE,Health,,,
FG_TOTAL_HEALTH,FG Total Health,HEALTH_RETAIL,5,FG_TOTAL_HEALTH,,,,
AdityaBirla_ActivHealth_Platinum_Enhanced,AdityaBirla Activ Health Platinum Enhanced,HEALTH_RETAIL,ADITYA_BIRLA_HEALTH,,Health,,,
AdityaBirla_ActivHealth_Platinum_Essential,AdityaBirla Activ Health Platinum Essential,HEALTH_RETAIL,ADITYA_BIRLA_HEALTH,,Health,,,
AdityaBirla_ActivHealth_Gold_Enhanced,AdityaBirla Activ Health Gold Enhanced,HEALTH_RETAIL,ADITYA_BIRLA_HEALTH,,Health,,,
AdityaBirla_ActivHealth_Platinum_Premiere,AdityaBirla Activ Health Platinum Premiere,HEALTH_RETAIL,ADITYA_BIRLA_HEALTH,,Health,,,
Bajaj_Allianz_Health_Guard_Platinum,Bajaj Allianz Health Guard Platinum,HEALTH_RETAIL,BAJAJ_ALLIANZ_GENERAL,Bajaj_Allianz_Health_Guard_Platinum,Health,,,
Bajaj_Allianz_Health_Guard_Gold,Bajaj Allianz Health Guard Gold,HEALTH_RETAIL,BAJAJ_ALLIANZ_GENERAL,Bajaj_Allianz_Health_Guard_Gold,Health,,,
Bajaj_Allianz_Health_Guard_Silver,Bajaj Allianz Health Guard Silver,HEALTH_RETAIL,BAJAJ_ALLIANZ_GENERAL,Bajaj_Allianz_Health_Guard_Silver,Health,,,
SBI_AROGYA_SUPREME,SBI AROGYA SUPREME,HEALTH_RETAIL,SBI_AROGYA,,,,,
TD_BAJAJ_TW_COMPREHENSIVE,Bagic Motor Two Wheeler Comprehensive,TWO_WHEELER_RETAIL,BAGIC_MOTOR,TD_BAJAJ_TW_COMPREHENSIVE,Motor,Comprehensive,,
TD_BAJAJ_TW_OD,Bagic Motor Two Wheeler Own Damage,TWO_WHEELER_RETAIL,BAGIC_MOTOR,TD_BAJAJ_TW_OD,Motor,OD Only,Two wheeler/Three wheeler/Private car,
TD_BAJAJ_TW_TP,Bagic Motor Two Wheeler Third Party,TWO_WHEELER_RETAIL,BAGIC_MOTOR,TD_BAJAJ_TW_TP,Motor,TP Only,Two wheeler/Three wheeler/Private car,
TD_BAJAJ_PC_COMPREHENSIVE,Bagic Motor Pvt Car Comprehensive,MOTOR_RETAIL,BAGIC_MOTOR,TD_BAJAJ_PC_COMPREHENSIVE,Motor,Comprehensive,Two wheeler/Three wheeler/Private car,
TD_BAJAJ_PC_OD,Bagic Motor Pvt Car Own Damage,MOTOR_RETAIL,BAGIC_MOTOR,TD_BAJAJ_PC_OD,Motor,OD Only,Two wheeler/Three wheeler/Private car,
TD_BAJAJ_PC_TP,Bagic Motor Pvt Car Third Party,MOTOR_RETAIL,BAGIC_MOTOR,TD_BAJAJ_PC_TP,Motor,TP Only,Two wheeler/Three wheeler/Private car,
TD_ICICI_LOMBARD_TW_COMPREHENSIVE,Td Icici Motor Two Wheeler Comprehensive,TWO_WHEELER_RETAIL,ICICI_MOTOR,TD_ICICI_LOMBARD_TW_COMPREHENSIVE,Motor,Comprehensive,Two wheeler/Three wheeler/Private car,
TD_ICICI_LOMBARD_TW_THIRD_PARTY,Td Icici Motor Two Wheeler Third Party,TWO_WHEELER_RETAIL,ICICI_MOTOR,TD_ICICI_LOMBARD_TW_THIRD_PARTY,Motor,TP Only,Two wheeler/Three wheeler/Private car,
TD_ICICI_LOMBARD_TW_OD_ONLY,Td Icici Motor Two Wheeler Own Damage,TWO_WHEELER_RETAIL,ICICI_MOTOR,TD_ICICI_LOMBARD_TW_OD_ONLY,Motor,OD Only,Two wheeler/Three wheeler/Private car,
TD_ICICI_LOMBARD_PC_COMPREHENSIVE,Td Icici Motor Pvt Car Comprehensive,MOTOR_RETAIL,ICICI_MOTOR,TD_ICICI_LOMBARD_PC_COMPREHENSIVE,Motor,Comprehensive,Two wheeler/Three wheeler/Private car,
TD_ICICI_LOMBARD_PC_THIRD_PARTY,Td Icici Motor Pvt Car Third Party,MOTOR_RETAIL,ICICI_MOTOR,TD_ICICI_LOMBARD_PC_THIRD_PARTY,Motor,TP Only,Two wheeler/Three wheeler/Private car,
TD_ICICI_LOMBARD_PC_OD_ONLY,Td Icici Motor Pvt Car Own Damage,MOTOR_RETAIL,ICICI_MOTOR,TD_ICICI_LOMBARD_PC_OD_ONLY,Motor,OD Only,Two wheeler/Three wheeler/Private car,
TD_AIG_MOTOR_PC_COMPREHENSIVE,Td Tata Aig Pvt Car Comprehensive,MOTOR_RETAIL,TD_AIG_PC,TD_AIG_MOTOR_PC_COMPREHENSIVE,Motor,Comprehensive,Two wheeler/Three wheeler/Private car,
TD_AIG_MOTOR_PC_OD,Td Tata Aig Pvt Car Own Damage,MOTOR_RETAIL,TD_AIG_PC,TD_AIG_MOTOR_PC_OD,Motor,OD Only,Two wheeler/Three wheeler/Private car,
TD_AIG_MOTOR_PC_TP,Td Tata Aig Pvt Car Third Party,MOTOR_RETAIL,TD_AIG_PC,TD_AIG_MOTOR_PC_TP,Motor,TP Only,Two wheeler/Three wheeler/Private car,
TD_AIG_MOTOR_PC_NB,Td Tata Aig Pvt Car New Bundled,MOTOR_RETAIL,TD_AIG_PC,TD_AIG_MOTOR_PC_NB,Motor,Comprehensive,Two wheeler/Three wheeler/Private car,
BAJAJ_PC_COMPREHENSIVE,Bajaj Allianz General Pvt Car Comprehensive,MOTOR_RETAIL,BAJAJ_ALLIANZ_GENERAL,BAJAJ_PC_COMPREHENSIVE,Motor,Comprehensive,Two wheeler/Three wheeler/Private car,SYNC_PLAN
BAJAJ_PC_OD,Bajaj Allianz General Pvt Car Own Damage,MOTOR_RETAIL,BAJAJ_ALLIANZ_GENERAL,BAJAJ_PC_OD,Motor,OD Only,Two wheeler/Three wheeler/Private car,SYNC_PLAN
BAJAJ_PC_TP,Bajaj Allianz General Pvt Car Third Party,MOTOR_RETAIL,BAJAJ_ALLIANZ_GENERAL,BAJAJ_PC_TP,Motor,TP Only,Two wheeler/Three wheeler/Private car,
BAJAJ_TW_COMPREHENSIVE,Bajaj Allianz General Two Wheeler Comprehensive,TWO_WHEELER_RETAIL,BAJAJ_ALLIANZ_GENERAL,BAJAJ_TW_COMPREHENSIVE,Motor,Comprehensive,Two wheeler/Three wheeler/Private car,SYNC_PLAN
BAJAJ_TW_OD,Bajaj Allianz General Two Wheeler Own Damage,TWO_WHEELER_RETAIL,BAJAJ_ALLIANZ_GENERAL,BAJAJ_TW_OD,Motor,OD Only,Two wheeler/Three wheeler/Private car,
BAJAJ_TW_TP,Bajaj Allianz General Two Wheeler Third Party,TWO_WHEELER_RETAIL,BAJAJ_ALLIANZ_GENERAL,BAJAJ_TW_TP,Motor,TP Only,Two wheeler/Three wheeler/Private car,
HDFC_ERGO_NEW_PC_COMPREHENSIVE,Hdfc Ergo New Pc Comprehensive,MOTOR_RETAIL,HDFC_ERGO,HDFC_ERGO_NEW_PC,Motor,Comprehensive,Two wheeler/Three wheeler/Private car,
HDFC_ERGO_NEW_PC_THIRD_PARTY,Hdfc Ergo New Pc Third Party,MOTOR_RETAIL,HDFC_ERGO,HDFC_ERGO_NEW_PC,Motor,TP Only,Two wheeler/Three wheeler/Private car,
HDFC_ERGO_NEW_PC_OD_ONLY,Hdfc Ergo New Pc Od Only,MOTOR_RETAIL,HDFC_ERGO,HDFC_ERGO_NEW_PC,Motor,OD Only,Two wheeler/Three wheeler/Private car,
HDFC_ERGO_NEW_TW_COMPREHENSIVE,Hdfc Ergo New Tw Comprehensive,TWO_WHEELER_RETAIL,HDFC_ERGO,HDFC_ERGO_NEW_TW,Motor,Comprehensive,Two wheeler/Three wheeler/Private car,
HDFC_ERGO_NEW_TW_THIRD_PARTY,Hdfc Ergo New Tw Third Party,TWO_WHEELER_RETAIL,HDFC_ERGO,HDFC_ERGO_NEW_TW,Motor,TP Only,Two wheeler/Three wheeler/Private car,
HDFC_ERGO_NEW_TW_OD_ONLY,Hdfc Ergo New Tw Od Only,TWO_WHEELER_RETAIL,HDFC_ERGO,HDFC_ERGO_NEW_TW,Motor,OD Only,Two wheeler/Three wheeler/Private car,
TD_AIG_MOTOR_OD,Td Tata Aig Two Wheeler Own Damage,TWO_WHEELER_RETAIL,TD_TATA_AIG,TD_AIG_MOTOR_OD,Motor,OD Only,Two wheeler/Three wheeler/Private car,
TD_AIG_MOTOR_COMP,Td Tata Aig Two Wheeler Comprehensive,TWO_WHEELER_RETAIL,TD_TATA_AIG,TD_AIG_MOTOR_COMP,Motor,Comprehensive,Two wheeler/Three wheeler/Private car,
TD_AIG_MOTOR_TP,Td Tata Aig Two Wheeler Third Party,TWO_WHEELER_RETAIL,TD_TATA_AIG,TD_AIG_MOTOR_TP,Motor,TP Only,Two wheeler/Three wheeler/Private car,
UNIVERSAL_SOMPO_TW_COMPREHENSIVE,Universal Sompo Two Wheeler Comprehensive,TWO_WHEELER_RETAIL,UNIVERSAL_SOMPO,,Motor,Comprehensive,Two wheeler/Three wheeler/Private car,
UNIVERSAL_SOMPO_TW_OD_ONLY,Universal Sompo Two Wheeler Own Damage,TWO_WHEELER_RETAIL,UNIVERSAL_SOMPO,,Motor,OD Only,Two wheeler/Three wheeler/Private car,
UNIVERSAL_SOMPO_TW_THIRD_PARTY,Universal Sompo Two Wheeler Third Party,TWO_WHEELER_RETAIL,UNIVERSAL_SOMPO,,Motor,TP Only,Two wheeler/Three wheeler/Private car,
GODIGIT_MOTOR_NEW_COMPREHENSIVE,Godigit Motor New Comprehensive,MOTOR_RETAIL,GO_DIGIT_MOTOR,GODIGIT_MOTOR_NEW_COMPREHENSIVE,Motor,Comprehensive,Two wheeler/Three wheeler/Private car,SYNC_PLAN
GODIGIT_MOTOR_NEW_OWN_DAMAGE,Godigit Motor New Own Damage,MOTOR_RETAIL,GO_DIGIT_MOTOR,GODIGIT_MOTOR_NEW_OWN_DAMAGE,Motor,OD Only,Two wheeler/Three wheeler/Private car,SYNC_PLAN
GODIGIT_MOTOR_NEW_THIRD_PARTY,Godigit Motor New Third Party,MOTOR_RETAIL,GO_DIGIT_MOTOR,GODIGIT_MOTOR_NEW_THIRD_PARTY,Motor,TP Only,Two wheeler/Three wheeler/Private car,SYNC_PLAN
GODIGIT_NEW_TW_COMPREHENSIVE,Godigit New Tw Comprehensive,TWO_WHEELER_RETAIL,GO_DIGIT_MOTOR,GODIGIT_NEW_TW_COMPREHENSIVE,Motor,Comprehensive,Two wheeler/Three wheeler/Private car,SYNC_PLAN
GODIGIT_NEW_TW_OWN_DAMAGE,Godigit New Tw Own Damage,TWO_WHEELER_RETAIL,GO_DIGIT_MOTOR,GODIGIT_NEW_TW_OWN_DAMAGE,Motor,OD Only,Two wheeler/Three wheeler/Private car,SYNC_PLAN
GODIGIT_NEW_TW_THIRD_PARTY,Godigit New Tw Third Party,TWO_WHEELER_RETAIL,GO_DIGIT_MOTOR,GODIGIT_NEW_TW_THIRD_PARTY,Motor,TP Only,Two wheeler/Three wheeler/Private car,SYNC_PLAN
TD_AIG_MOTOR_NB,Td Tata Aig Two Wheeler New Bundled,TWO_WHEELER_RETAIL,TD_TATA_AIG,TD_AIG_MOTOR_NB,Motor,Comprehensive,Two wheeler/Three wheeler/Private car,
RENEWAL_PC_COMPREHENSIVE,Renewal Four Wheeler Comprehensive,MOTOR_RETAIL,RENEWAL_MOTOR,RENEWAL_PC_COMPREHENSIVE,Motor,Comprehensive,Two wheeler/Three wheeler/Private car,
RENEWAL_PC_SAOD,Renewal Four Wheeler Own Damage,MOTOR_RETAIL,RENEWAL_MOTOR,RENEWAL_PC_SAOD,Motor,OD Only,Two wheeler/Three wheeler/Private car,
RENEWAL_PC_SATP,Renewal Four Wheeler Third Party,MOTOR_RETAIL,RENEWAL_MOTOR,RENEWAL_PC_SATP,Motor,TP Only,Two wheeler/Three wheeler/Private car,
RENEWAL_DUMMY,RENEWAL_DUMMY,MOTOR_RETAIL,GO_DIGIT_MOTOR,,Motor,,,
TATA_AIG_MOTOR_TW_COMPREHENSIVE,Tata Aig Two Wheeler Comprehensive,TWO_WHEELER_RETAIL,TATA_AIG,TATA_AIG_MOTOR_TW_COMPREHENSIVE,Motor,Comprehensive,Two wheeler/Three wheeler/Private car,
TATA_AIG_MOTOR_TW_OD,Tata Aig Two Wheeler Own Damage,TWO_WHEELER_RETAIL,TATA_AIG,TATA_AIG_MOTOR_TW_OD,Motor,OD Only,Two wheeler/Three wheeler/Private car,
TATA_AIG_MOTOR_TW_TP,Tata Aig Two Wheeler Third Party,TWO_WHEELER_RETAIL,TATA_AIG,TATA_AIG_MOTOR_TW_TP,Motor,TP Only,Two wheeler/Three wheeler/Private car,
UNITED_INDIA_PC_COMPREHENSIVE,United India Pvt Car Comprehensive,MOTOR_RETAIL,UNITED_INDIA,,,Comprehensive,Two wheeler/Three wheeler/Private car,
UNITED_INDIA_PC_OD,United India Pvt Car Own Damage,MOTOR_RETAIL,UNITED_INDIA,,,OD Only,Two wheeler/Three wheeler/Private car,
UNITED_INDIA_PC_TP,United India Pvt Car Third Party,MOTOR_RETAIL,UNITED_INDIA,,,TP Only,Two wheeler/Three wheeler/Private car,
UNITED_INDIA_TW_TP,United India Two Wheeler Third Party,TWO_WHEELER_RETAIL,UNITED_INDIA,,,TP Only,Two wheeler/Three wheeler/Private car,
UNITED_INDIA_TW_OD,United India Two Wheeler Own Damage,TWO_WHEELER_RETAIL,UNITED_INDIA,,,OD Only,Two wheeler/Three wheeler/Private car,
UNITED_INDIA_TW_COMPREHENSIVE,United India Two Wheeler Comprehensive,TWO_WHEELER_RETAIL,UNITED_INDIA,,,Comprehensive,Two wheeler/Three wheeler/Private car,
NATIONAL_PC_COMPREHENSIVE,National Private Car Comprehensive,MOTOR_RETAIL,NATIONAL_INSURANCE,NATIONAL_PC,Motor,Comprehensive,Two wheeler/Three wheeler/Private car,
NATIONAL_PC_OD,National Private Car Own Damage,MOTOR_RETAIL,NATIONAL_INSURANCE,NATIONAL_PC,Motor,OD Only,Two wheeler/Three wheeler/Private car,
NATIONAL_PC_TP,National Private Car Third Party,MOTOR_RETAIL,NATIONAL_INSURANCE,NATIONAL_PC,Motor,TP Only,Two wheeler/Three wheeler/Private car,
NATIONAL_TW_COMPREHENSIVE,National Two Wheeler Comprehensive,TWO_WHEELER_RETAIL,NATIONAL_INSURANCE,NATIONAL_TW,Motor,Comprehensive,Two wheeler/Three wheeler/Private car,
NATIONAL_TW_OD,National Two Wheeler Own Damage,TWO_WHEELER_RETAIL,NATIONAL_INSURANCE,NATIONAL_TW,Motor,OD Only,Two wheeler/Three wheeler/Private car,
NATIONAL_TW_TP,National Two Wheeler Third Party,TWO_WHEELER_RETAIL,NATIONAL_INSURANCE,NATIONAL_TW,Motor,TP Only,Two wheeler/Three wheeler/Private car,
RELIANCE_HEALTH_INFINITY,Reliance Health Infinity,HEALTH_RETAIL,RELIANCE,RELIANCE_HEALTH_INFINITY,Health,,,
HDFC_OPTIMA_RESTORE_DIGITAL,HDFC Optima Restore,HEALTH_RETAIL,HDFC_MEDICAL,HDFC_OPTIMA_RESTORE_DIGITAL,Health,,,
HDFC_OPTIMA_SECURE_DIGITAL,HDFC Optima Secure,HEALTH_RETAIL,HDFC_MEDICAL,HDFC_OPTIMA_SECURE_DIGITAL,Health,,,
ICICI_HEALTH_ADVANTEDGE,Icici Health AdvantEdge,HEALTH_RETAIL,IL,ICICI_HEALTH_ADVANTEDGE,Health,,,
TATA_AIG_MEDICARE,TATA AIG MediCare,HEALTH_RETAIL,TATA_AIG,TATA_AIG_MEDICARE,Health,,,
TATA_AIG_MEDICARE_PROTECT,TATA AIG MediCare Protect,HEALTH_RETAIL,TATA_AIG,TATA_AIG_MEDICARE_PROTECT,Health,,,
TATA_AIG_MEDICARE_PREMIUM,TATA AIG MediCare Premier,HEALTH_RETAIL,TATA_AIG,TATA_AIG_MEDICARE_PREMIUM,Health,,,
CARE_ADVANTAGE,Care Advantage,HEALTH_RETAIL,REL_MED_1,CARE_ADVANTAGE_HEALTH_RETAIL,Health,Mediclaim-individual,Mediclaim - Individual,
CARE_SUPREME,Care Supreme,HEALTH_RETAIL,REL_MED_1,CARE_HEALTH_RETAIL,Health,Mediclaim-individual,Mediclaim - Individual,SYNC_PLAN
CARE_SUPREME_SENIOR_PREMIUM,Care Supreme Senior Premium,HEALTH_RETAIL,REL_MED_1,CARE_HEALTH_RETAIL,Health,Mediclaim-individual,Mediclaim - Individual,SYNC_PLAN
CARE_SUPREME_SENIOR_SUPER,Care Supreme Senior Super,HEALTH_RETAIL,REL_MED_1,CARE_HEALTH_RETAIL,Health,Mediclaim-individual,Mediclaim - Individual,SYNC_PLAN
STAR_REDCARPET_IND,Star Redcarpet Individual,HEALTH_RETAIL,STAR_MEDICAL,,,,,
STAR_REDCARPET_FLOATER,Star Redcarpet Floater,HEALTH_RETAIL,STAR_MEDICAL,,,,,
STAR_MCINEW_GOLD,Star Mediclassic Individual Gold,HEALTH_RETAIL,STAR_MEDICAL,,,,,
STAR_STARYSFMLY_GOLD,Star Young Star Floater Gold,HEALTH_RETAIL,STAR_MEDICAL,,,,,
STAR_MEDI_CLASSIC_IND_GOLD,Star Young Star Individual Gold,HEALTH_RETAIL,STAR_MEDICAL,,,,,
ICICI_ELEVATE,Icici Elevate,HEALTH_RETAIL,IL,ICICI_ELEVATE,Health,,,
NIVA_BHUPA_PLATINUM,Niva Bupa Reassure 2.0 Platinum+,HEALTH_RETAIL,MaxBhupa,NIVA_BHUPA_PLATINUM,Health,Mediclaim-individual,Mediclaim - Individual,
CIGNA_PARAM,Cigna Sarvah Param,HEALTH_RETAIL,CIGNA,,Health,,,
CIGNA_UTTHAM,Cigna Sarvah Uttam,HEALTH_RETAIL,CIGNA,,Health,,,
CIGNA_PRATHAM,Cigna Sarvah Pratham,HEALTH_RETAIL,CIGNA,,Health,,,
ICICI_ELEVATE_DIGITAL,Icici Elevate Digital,HEALTH_RETAIL,IL_DIGITAL,ICICI_ELEVATE,Health,,,
NIVA_BHUPA_ASPIRE_TITANIUM,Niva Bupa Aspire Titanium+,HEALTH_RETAIL,MaxBhupa,NIVA_BHUPA_ASPIRE_TITANIUM,Health,Mediclaim-individual,Mediclaim - Individual,
NIVA_BHUPA_ASPIRE_PLATINUM,Niva Bupa Aspire Platinum+,HEALTH_RETAIL,MaxBhupa,NIVA_BHUPA_ASPIRE_PLATINUM,Health,Mediclaim-individual,Mediclaim - Individual,
NIVA_BHUPA_ASPIRE_DIAMOND,Niva Bupa Aspire Diamond+,HEALTH_RETAIL,MaxBhupa,NIVA_BHUPA_ASPIRE_DIAMOND,Health,Mediclaim-individual,Mediclaim - Individual,
NIVA_BHUPA_ASPIRE_GOLD,Niva Bupa Aspire Gold+,HEALTH_RETAIL,MaxBhupa,NIVA_BHUPA_ASPIRE_GOLD,Health,Mediclaim-individual,Mediclaim - Individual,
NIVA_BHUPA_BRONZE_PLUS,Niva Bupa Reassure 2.0 Bronze+,HEALTH_RETAIL,MaxBhupa,NIVA_BHUPA_BRONZE_PLUS,Health,Mediclaim-individual,Mediclaim - Individual,
NIVA_BHUPA_HEALTH_COMPANION,Niva Bupa Health Companion,HEALTH_RETAIL,MaxBhupa,NIVA_BHUPA_HEALTH_COMPANION,Health,Mediclaim-individual,Mediclaim - Individual,
NIVA_BHUPA_TITANIUM,Niva Bupa Reassure 2.0 Titanium+,HEALTH_RETAIL,MaxBhupa,NIVA_BHUPA_TITANIUM,Health,Mediclaim-individual,Mediclaim - Individual,
GODIGIT_HEALTH_DOUBLE_WALLET,Godigit Health Double Wallet,HEALTH_RETAIL,GO_DIGIT_MED,GODIGIT_HEALTH_DOUBLE_WALLET,Health,,,
GODIGIT_HEALTH_INFINITY_WALLET,Godigit Health Infinity Wallet,HEALTH_RETAIL,GO_DIGIT_MED,GODIGIT_HEALTH_INFINITY_WALLET,Health,,,
GODIGIT_HEALTH_WORLDWIDE_TREATMENT,Godigit Health Worldwide Treatment,HEALTH_RETAIL,GO_DIGIT_MED,GODIGIT_HEALTH_WORLDWIDE_TREATMENT,Health,,,
CARE_JOY_TODAY,Care Joy Today,HEALTH_RETAIL,REL_MED_1,CARE_JOY_TODAY,Health,,,
CHOLA_AROGYA_SANJEEVNI,Chola Arogya Sanjeevni,HEALTH_RETAIL,CHOLA_MS,CHOLAHEALTH,Health,Mediclaim-individual,Mediclaim - Individual,
HDFC_OPTIMA_SECURE_GLOBAL,HDFC Ergo Optima Secure Global,HEALTH_RETAIL,HDFC_MEDICAL,HDFC_OPTIMA_SECURE_GLOBAL,Health,,,
HDFC_OPTIMA_SECURE_GLOBAL_PLUS,HDFC Ergo Optima Secure Global Plus,HEALTH_RETAIL,HDFC_MEDICAL,HDFC_OPTIMA_SECURE_GLOBAL_PLUS,Health,,,
NIVA_BHUPA_BRONZE,Niva Bupa Reassure 2.0 Bronze,HEALTH_RETAIL,MaxBhupa,NIVA_BHUPA_BRONZE,Health,Mediclaim-individual,Mediclaim - Individual,
NIVA_BHUPA_GOLD,Niva Bupa Reassure 2.0 Gold,HEALTH_RETAIL,MaxBhupa,NIVA_BHUPA_GOLD,Health,Mediclaim-individual,Mediclaim - Individual,
STAR_SUPER_STAR,Super Star,HEALTH_RETAIL,STAR_MEDICAL,STAR_SUPER_STAR,Health,,,
CARE_ULTIMATE,Ultimate Care,HEALTH_RETAIL,REL_MED_1,CARE_ULTIMATE,Health,Mediclaim-individual,Mediclaim - Individual,
HDFC_OPTIMA_SUPER_SECURE,HDFC Ergo Optima Super Secure,HEALTH_RETAIL,HDFC_MEDICAL,HDFC_OPTIMA_SUPER_SECURE,,,,
